[{"name":"Bugs_card","qualifiedName":"Bugs_card","href":"Features_Bug_tracker_PRESENTATION_widgets_Bugs_card","kind":9,"packageRank":0,"desc":""},{"name":"BugsCard","qualifiedName":"Bugs_card.BugsCard","href":"Features_Bug_tracker_PRESENTATION_widgets_Bugs_card/BugsCard-class.html","kind":3,"packageRank":0,"desc":"","enclosedBy":{"name":"Bugs_card","kind":9,"href":"Features_Bug_tracker_PRESENTATION_widgets_Bugs_card"}},{"name":"BugsCard","qualifiedName":"Bugs_card.BugsCard.BugsCard","href":"Features_Bug_tracker_PRESENTATION_widgets_Bugs_card/BugsCard/BugsCard.html","kind":2,"packageRank":0,"desc":"","enclosedBy":{"name":"BugsCard","kind":3,"href":"Features_Bug_tracker_PRESENTATION_widgets_Bugs_card/BugsCard-class.html"}},{"name":"Sevirity","qualifiedName":"Bugs_card.BugsCard.Sevirity","href":"Features_Bug_tracker_PRESENTATION_widgets_Bugs_card/BugsCard/Sevirity.html","kind":16,"overriddenDepth":0,"packageRank":0,"desc":"","enclosedBy":{"name":"BugsCard","kind":3,"href":"Features_Bug_tracker_PRESENTATION_widgets_Bugs_card/BugsCard-class.html"}},{"name":"assignedDeveloper","qualifiedName":"Bugs_card.BugsCard.assignedDeveloper","href":"Features_Bug_tracker_PRESENTATION_widgets_Bugs_card/BugsCard/assignedDeveloper.html","kind":16,"overriddenDepth":0,"packageRank":0,"desc":"","enclosedBy":{"name":"BugsCard","kind":3,"href":"Features_Bug_tracker_PRESENTATION_widgets_Bugs_card/BugsCard-class.html"}},{"name":"build","qualifiedName":"Bugs_card.BugsCard.build","href":"Features_Bug_tracker_PRESENTATION_widgets_Bugs_card/BugsCard/build.html","kind":10,"overriddenDepth":1,"packageRank":0,"desc":"Describes the part of the user interface represented by this widget.","enclosedBy":{"name":"BugsCard","kind":3,"href":"Features_Bug_tracker_PRESENTATION_widgets_Bugs_card/BugsCard-class.html"}},{"name":"date","qualifiedName":"Bugs_card.BugsCard.date","href":"Features_Bug_tracker_PRESENTATION_widgets_Bugs_card/BugsCard/date.html","kind":16,"overriddenDepth":0,"packageRank":0,"desc":"","enclosedBy":{"name":"BugsCard","kind":3,"href":"Features_Bug_tracker_PRESENTATION_widgets_Bugs_card/BugsCard-class.html"}},{"name":"description","qualifiedName":"Bugs_card.BugsCard.description","href":"Features_Bug_tracker_PRESENTATION_widgets_Bugs_card/BugsCard/description.html","kind":16,"overriddenDepth":0,"packageRank":0,"desc":"","enclosedBy":{"name":"BugsCard","kind":3,"href":"Features_Bug_tracker_PRESENTATION_widgets_Bugs_card/BugsCard-class.html"}},{"name":"onDelete","qualifiedName":"Bugs_card.BugsCard.onDelete","href":"Features_Bug_tracker_PRESENTATION_widgets_Bugs_card/BugsCard/onDelete.html","kind":16,"overriddenDepth":0,"packageRank":0,"desc":"","enclosedBy":{"name":"BugsCard","kind":3,"href":"Features_Bug_tracker_PRESENTATION_widgets_Bugs_card/BugsCard-class.html"}},{"name":"onEdit","qualifiedName":"Bugs_card.BugsCard.onEdit","href":"Features_Bug_tracker_PRESENTATION_widgets_Bugs_card/BugsCard/onEdit.html","kind":16,"overriddenDepth":0,"packageRank":0,"desc":"","enclosedBy":{"name":"BugsCard","kind":3,"href":"Features_Bug_tracker_PRESENTATION_widgets_Bugs_card/BugsCard-class.html"}},{"name":"onShare","qualifiedName":"Bugs_card.BugsCard.onShare","href":"Features_Bug_tracker_PRESENTATION_widgets_Bugs_card/BugsCard/onShare.html","kind":16,"overriddenDepth":0,"packageRank":0,"desc":"","enclosedBy":{"name":"BugsCard","kind":3,"href":"Features_Bug_tracker_PRESENTATION_widgets_Bugs_card/BugsCard-class.html"}},{"name":"onTap","qualifiedName":"Bugs_card.BugsCard.onTap","href":"Features_Bug_tracker_PRESENTATION_widgets_Bugs_card/BugsCard/onTap.html","kind":16,"overriddenDepth":0,"packageRank":0,"desc":"","enclosedBy":{"name":"BugsCard","kind":3,"href":"Features_Bug_tracker_PRESENTATION_widgets_Bugs_card/BugsCard-class.html"}},{"name":"status","qualifiedName":"Bugs_card.BugsCard.status","href":"Features_Bug_tracker_PRESENTATION_widgets_Bugs_card/BugsCard/status.html","kind":16,"overriddenDepth":0,"packageRank":0,"desc":"","enclosedBy":{"name":"BugsCard","kind":3,"href":"Features_Bug_tracker_PRESENTATION_widgets_Bugs_card/BugsCard-class.html"}},{"name":"title","qualifiedName":"Bugs_card.BugsCard.title","href":"Features_Bug_tracker_PRESENTATION_widgets_Bugs_card/BugsCard/title.html","kind":16,"overriddenDepth":0,"packageRank":0,"desc":"","enclosedBy":{"name":"BugsCard","kind":3,"href":"Features_Bug_tracker_PRESENTATION_widgets_Bugs_card/BugsCard-class.html"}},{"name":"add_form","qualifiedName":"add_form","href":"Features_Bug_tracker_PRESENTATION_widgets_add_form","kind":9,"packageRank":0,"desc":""},{"name":"AddForm","qualifiedName":"add_form.AddForm","href":"Features_Bug_tracker_PRESENTATION_widgets_add_form/AddForm-class.html","kind":3,"packageRank":0,"desc":"","enclosedBy":{"name":"add_form","kind":9,"href":"Features_Bug_tracker_PRESENTATION_widgets_add_form"}},{"name":"AddForm","qualifiedName":"add_form.AddForm.AddForm","href":"Features_Bug_tracker_PRESENTATION_widgets_add_form/AddForm/AddForm.html","kind":2,"packageRank":0,"desc":"","enclosedBy":{"name":"AddForm","kind":3,"href":"Features_Bug_tracker_PRESENTATION_widgets_add_form/AddForm-class.html"}},{"name":"assignedDeveloperController","qualifiedName":"add_form.AddForm.assignedDeveloperController","href":"Features_Bug_tracker_PRESENTATION_widgets_add_form/AddForm/assignedDeveloperController.html","kind":16,"overriddenDepth":0,"packageRank":0,"desc":"","enclosedBy":{"name":"AddForm","kind":3,"href":"Features_Bug_tracker_PRESENTATION_widgets_add_form/AddForm-class.html"}},{"name":"build","qualifiedName":"add_form.AddForm.build","href":"Features_Bug_tracker_PRESENTATION_widgets_add_form/AddForm/build.html","kind":10,"overriddenDepth":1,"packageRank":0,"desc":"Describes the part of the user interface represented by this widget.","enclosedBy":{"name":"AddForm","kind":3,"href":"Features_Bug_tracker_PRESENTATION_widgets_add_form/AddForm-class.html"}},{"name":"date","qualifiedName":"add_form.AddForm.date","href":"Features_Bug_tracker_PRESENTATION_widgets_add_form/AddForm/date.html","kind":16,"overriddenDepth":0,"packageRank":0,"desc":"","enclosedBy":{"name":"AddForm","kind":3,"href":"Features_Bug_tracker_PRESENTATION_widgets_add_form/AddForm-class.html"}},{"name":"dateController","qualifiedName":"add_form.AddForm.dateController","href":"Features_Bug_tracker_PRESENTATION_widgets_add_form/AddForm/dateController.html","kind":16,"overriddenDepth":0,"packageRank":0,"desc":"","enclosedBy":{"name":"AddForm","kind":3,"href":"Features_Bug_tracker_PRESENTATION_widgets_add_form/AddForm-class.html"}},{"name":"desc","qualifiedName":"add_form.AddForm.desc","href":"Features_Bug_tracker_PRESENTATION_widgets_add_form/AddForm/desc.html","kind":16,"overriddenDepth":0,"packageRank":0,"desc":"","enclosedBy":{"name":"AddForm","kind":3,"href":"Features_Bug_tracker_PRESENTATION_widgets_add_form/AddForm-class.html"}},{"name":"descriptionController","qualifiedName":"add_form.AddForm.descriptionController","href":"Features_Bug_tracker_PRESENTATION_widgets_add_form/AddForm/descriptionController.html","kind":16,"overriddenDepth":0,"packageRank":0,"desc":"","enclosedBy":{"name":"AddForm","kind":3,"href":"Features_Bug_tracker_PRESENTATION_widgets_add_form/AddForm-class.html"}},{"name":"developer","qualifiedName":"add_form.AddForm.developer","href":"Features_Bug_tracker_PRESENTATION_widgets_add_form/AddForm/developer.html","kind":16,"overriddenDepth":0,"packageRank":0,"desc":"","enclosedBy":{"name":"AddForm","kind":3,"href":"Features_Bug_tracker_PRESENTATION_widgets_add_form/AddForm-class.html"}},{"name":"id","qualifiedName":"add_form.AddForm.id","href":"Features_Bug_tracker_PRESENTATION_widgets_add_form/AddForm/id.html","kind":16,"overriddenDepth":0,"packageRank":0,"desc":"","enclosedBy":{"name":"AddForm","kind":3,"href":"Features_Bug_tracker_PRESENTATION_widgets_add_form/AddForm-class.html"}},{"name":"isEditMode","qualifiedName":"add_form.AddForm.isEditMode","href":"Features_Bug_tracker_PRESENTATION_widgets_add_form/AddForm/isEditMode.html","kind":16,"overriddenDepth":0,"packageRank":0,"desc":"","enclosedBy":{"name":"AddForm","kind":3,"href":"Features_Bug_tracker_PRESENTATION_widgets_add_form/AddForm-class.html"}},{"name":"severity","qualifiedName":"add_form.AddForm.severity","href":"Features_Bug_tracker_PRESENTATION_widgets_add_form/AddForm/severity.html","kind":16,"overriddenDepth":0,"packageRank":0,"desc":"","enclosedBy":{"name":"AddForm","kind":3,"href":"Features_Bug_tracker_PRESENTATION_widgets_add_form/AddForm-class.html"}},{"name":"status","qualifiedName":"add_form.AddForm.status","href":"Features_Bug_tracker_PRESENTATION_widgets_add_form/AddForm/status.html","kind":16,"overriddenDepth":0,"packageRank":0,"desc":"","enclosedBy":{"name":"AddForm","kind":3,"href":"Features_Bug_tracker_PRESENTATION_widgets_add_form/AddForm-class.html"}},{"name":"title","qualifiedName":"add_form.AddForm.title","href":"Features_Bug_tracker_PRESENTATION_widgets_add_form/AddForm/title.html","kind":16,"overriddenDepth":0,"packageRank":0,"desc":"","enclosedBy":{"name":"AddForm","kind":3,"href":"Features_Bug_tracker_PRESENTATION_widgets_add_form/AddForm-class.html"}},{"name":"titleController","qualifiedName":"add_form.AddForm.titleController","href":"Features_Bug_tracker_PRESENTATION_widgets_add_form/AddForm/titleController.html","kind":16,"overriddenDepth":0,"packageRank":0,"desc":"","enclosedBy":{"name":"AddForm","kind":3,"href":"Features_Bug_tracker_PRESENTATION_widgets_add_form/AddForm-class.html"}},{"name":"getSeverity","qualifiedName":"add_form.getSeverity","href":"Features_Bug_tracker_PRESENTATION_widgets_add_form/getSeverity.html","kind":8,"packageRank":0,"desc":"","enclosedBy":{"name":"add_form","kind":9,"href":"Features_Bug_tracker_PRESENTATION_widgets_add_form"}},{"name":"getStatus","qualifiedName":"add_form.getStatus","href":"Features_Bug_tracker_PRESENTATION_widgets_add_form/getStatus.html","kind":8,"packageRank":0,"desc":"","enclosedBy":{"name":"add_form","kind":9,"href":"Features_Bug_tracker_PRESENTATION_widgets_add_form"}},{"name":"app-session","qualifiedName":"app-session","href":"core_utils_app-session","kind":9,"packageRank":0,"desc":""},{"name":"AppSession","qualifiedName":"app-session.AppSession","href":"core_utils_app-session/AppSession-class.html","kind":3,"packageRank":0,"desc":"","enclosedBy":{"name":"app-session","kind":9,"href":"core_utils_app-session"}},{"name":"AppSession","qualifiedName":"app-session.AppSession.AppSession","href":"core_utils_app-session/AppSession/AppSession.html","kind":2,"packageRank":0,"desc":"","enclosedBy":{"name":"AppSession","kind":3,"href":"core_utils_app-session/AppSession-class.html"}},{"name":"BugCollectionBox","qualifiedName":"app-session.AppSession.BugCollectionBox","href":"core_utils_app-session/AppSession/BugCollectionBox.html","kind":16,"overriddenDepth":0,"packageRank":0,"desc":"Firestore collection name for storing bugs.","enclosedBy":{"name":"AppSession","kind":3,"href":"core_utils_app-session/AppSession-class.html"}},{"name":"severity","qualifiedName":"app-session.AppSession.severity","href":"core_utils_app-session/AppSession/severity.html","kind":16,"overriddenDepth":0,"packageRank":0,"desc":"Available severity levels for bugs.","enclosedBy":{"name":"AppSession","kind":3,"href":"core_utils_app-session/AppSession-class.html"}},{"name":"status","qualifiedName":"app-session.AppSession.status","href":"core_utils_app-session/AppSession/status.html","kind":16,"overriddenDepth":0,"packageRank":0,"desc":"Possible status options for bugs.","enclosedBy":{"name":"AppSession","kind":3,"href":"core_utils_app-session/AppSession-class.html"}},{"name":"auth_bloc","qualifiedName":"auth_bloc","href":"Features_Authentication_PRESENTATION_Auhentication_bloc_auth_bloc","kind":9,"packageRank":0,"desc":""},{"name":"AuthBloc","qualifiedName":"auth_bloc.AuthBloc","href":"Features_Authentication_PRESENTATION_Auhentication_bloc_auth_bloc/AuthBloc-class.html","kind":3,"packageRank":0,"desc":"","enclosedBy":{"name":"auth_bloc","kind":9,"href":"Features_Authentication_PRESENTATION_Auhentication_bloc_auth_bloc"}},{"name":"AuthBloc","qualifiedName":"auth_bloc.AuthBloc.AuthBloc","href":"Features_Authentication_PRESENTATION_Auhentication_bloc_auth_bloc/AuthBloc/AuthBloc.html","kind":2,"packageRank":0,"desc":"","enclosedBy":{"name":"AuthBloc","kind":3,"href":"Features_Authentication_PRESENTATION_Auhentication_bloc_auth_bloc/AuthBloc-class.html"}},{"name":"AuthEvent","qualifiedName":"auth_bloc.AuthEvent","href":"Features_Authentication_PRESENTATION_Auhentication_bloc_auth_bloc/AuthEvent-class.html","kind":3,"packageRank":0,"desc":"","enclosedBy":{"name":"auth_bloc","kind":9,"href":"Features_Authentication_PRESENTATION_Auhentication_bloc_auth_bloc"}},{"name":"AuthEvent","qualifiedName":"auth_bloc.AuthEvent.AuthEvent","href":"Features_Authentication_PRESENTATION_Auhentication_bloc_auth_bloc/AuthEvent/AuthEvent.html","kind":2,"packageRank":0,"desc":"","enclosedBy":{"name":"AuthEvent","kind":3,"href":"Features_Authentication_PRESENTATION_Auhentication_bloc_auth_bloc/AuthEvent-class.html"}},{"name":"AuthInitial","qualifiedName":"auth_bloc.AuthInitial","href":"Features_Authentication_PRESENTATION_Auhentication_bloc_auth_bloc/AuthInitial-class.html","kind":3,"packageRank":0,"desc":"","enclosedBy":{"name":"auth_bloc","kind":9,"href":"Features_Authentication_PRESENTATION_Auhentication_bloc_auth_bloc"}},{"name":"AuthInitial","qualifiedName":"auth_bloc.AuthInitial.AuthInitial","href":"Features_Authentication_PRESENTATION_Auhentication_bloc_auth_bloc/AuthInitial/AuthInitial.html","kind":2,"packageRank":0,"desc":"","enclosedBy":{"name":"AuthInitial","kind":3,"href":"Features_Authentication_PRESENTATION_Auhentication_bloc_auth_bloc/AuthInitial-class.html"}},{"name":"AuthState","qualifiedName":"auth_bloc.AuthState","href":"Features_Authentication_PRESENTATION_Auhentication_bloc_auth_bloc/AuthState-class.html","kind":3,"packageRank":0,"desc":"","enclosedBy":{"name":"auth_bloc","kind":9,"href":"Features_Authentication_PRESENTATION_Auhentication_bloc_auth_bloc"}},{"name":"AuthState","qualifiedName":"auth_bloc.AuthState.AuthState","href":"Features_Authentication_PRESENTATION_Auhentication_bloc_auth_bloc/AuthState/AuthState.html","kind":2,"packageRank":0,"desc":"","enclosedBy":{"name":"AuthState","kind":3,"href":"Features_Authentication_PRESENTATION_Auhentication_bloc_auth_bloc/AuthState-class.html"}},{"name":"email","qualifiedName":"auth_bloc.AuthState.email","href":"Features_Authentication_PRESENTATION_Auhentication_bloc_auth_bloc/AuthState/email.html","kind":16,"overriddenDepth":0,"packageRank":0,"desc":"","enclosedBy":{"name":"AuthState","kind":3,"href":"Features_Authentication_PRESENTATION_Auhentication_bloc_auth_bloc/AuthState-class.html"}},{"name":"password","qualifiedName":"auth_bloc.AuthState.password","href":"Features_Authentication_PRESENTATION_Auhentication_bloc_auth_bloc/AuthState/password.html","kind":16,"overriddenDepth":0,"packageRank":0,"desc":"","enclosedBy":{"name":"AuthState","kind":3,"href":"Features_Authentication_PRESENTATION_Auhentication_bloc_auth_bloc/AuthState-class.html"}},{"name":"LoginEvent","qualifiedName":"auth_bloc.LoginEvent","href":"Features_Authentication_PRESENTATION_Auhentication_bloc_auth_bloc/LoginEvent-class.html","kind":3,"packageRank":0,"desc":"","enclosedBy":{"name":"auth_bloc","kind":9,"href":"Features_Authentication_PRESENTATION_Auhentication_bloc_auth_bloc"}},{"name":"LoginEvent","qualifiedName":"auth_bloc.LoginEvent.LoginEvent","href":"Features_Authentication_PRESENTATION_Auhentication_bloc_auth_bloc/LoginEvent/LoginEvent.html","kind":2,"packageRank":0,"desc":"","enclosedBy":{"name":"LoginEvent","kind":3,"href":"Features_Authentication_PRESENTATION_Auhentication_bloc_auth_bloc/LoginEvent-class.html"}},{"name":"context","qualifiedName":"auth_bloc.LoginEvent.context","href":"Features_Authentication_PRESENTATION_Auhentication_bloc_auth_bloc/LoginEvent/context.html","kind":16,"overriddenDepth":0,"packageRank":0,"desc":"","enclosedBy":{"name":"LoginEvent","kind":3,"href":"Features_Authentication_PRESENTATION_Auhentication_bloc_auth_bloc/LoginEvent-class.html"}},{"name":"email","qualifiedName":"auth_bloc.LoginEvent.email","href":"Features_Authentication_PRESENTATION_Auhentication_bloc_auth_bloc/LoginEvent/email.html","kind":16,"overriddenDepth":0,"packageRank":0,"desc":"","enclosedBy":{"name":"LoginEvent","kind":3,"href":"Features_Authentication_PRESENTATION_Auhentication_bloc_auth_bloc/LoginEvent-class.html"}},{"name":"password","qualifiedName":"auth_bloc.LoginEvent.password","href":"Features_Authentication_PRESENTATION_Auhentication_bloc_auth_bloc/LoginEvent/password.html","kind":16,"overriddenDepth":0,"packageRank":0,"desc":"","enclosedBy":{"name":"LoginEvent","kind":3,"href":"Features_Authentication_PRESENTATION_Auhentication_bloc_auth_bloc/LoginEvent-class.html"}},{"name":"LogoutEvent","qualifiedName":"auth_bloc.LogoutEvent","href":"Features_Authentication_PRESENTATION_Auhentication_bloc_auth_bloc/LogoutEvent-class.html","kind":3,"packageRank":0,"desc":"LoginEvent - Trigger User Login","enclosedBy":{"name":"auth_bloc","kind":9,"href":"Features_Authentication_PRESENTATION_Auhentication_bloc_auth_bloc"}},{"name":"LogoutEvent","qualifiedName":"auth_bloc.LogoutEvent.LogoutEvent","href":"Features_Authentication_PRESENTATION_Auhentication_bloc_auth_bloc/LogoutEvent/LogoutEvent.html","kind":2,"packageRank":0,"desc":"","enclosedBy":{"name":"LogoutEvent","kind":3,"href":"Features_Authentication_PRESENTATION_Auhentication_bloc_auth_bloc/LogoutEvent-class.html"}},{"name":"context","qualifiedName":"auth_bloc.LogoutEvent.context","href":"Features_Authentication_PRESENTATION_Auhentication_bloc_auth_bloc/LogoutEvent/context.html","kind":16,"overriddenDepth":0,"packageRank":0,"desc":"","enclosedBy":{"name":"LogoutEvent","kind":3,"href":"Features_Authentication_PRESENTATION_Auhentication_bloc_auth_bloc/LogoutEvent-class.html"}},{"name":"RegisterEvent","qualifiedName":"auth_bloc.RegisterEvent","href":"Features_Authentication_PRESENTATION_Auhentication_bloc_auth_bloc/RegisterEvent-class.html","kind":3,"packageRank":0,"desc":"RegisterEvent - Trigger User Registration","enclosedBy":{"name":"auth_bloc","kind":9,"href":"Features_Authentication_PRESENTATION_Auhentication_bloc_auth_bloc"}},{"name":"RegisterEvent","qualifiedName":"auth_bloc.RegisterEvent.RegisterEvent","href":"Features_Authentication_PRESENTATION_Auhentication_bloc_auth_bloc/RegisterEvent/RegisterEvent.html","kind":2,"packageRank":0,"desc":"","enclosedBy":{"name":"RegisterEvent","kind":3,"href":"Features_Authentication_PRESENTATION_Auhentication_bloc_auth_bloc/RegisterEvent-class.html"}},{"name":"context","qualifiedName":"auth_bloc.RegisterEvent.context","href":"Features_Authentication_PRESENTATION_Auhentication_bloc_auth_bloc/RegisterEvent/context.html","kind":16,"overriddenDepth":0,"packageRank":0,"desc":"","enclosedBy":{"name":"RegisterEvent","kind":3,"href":"Features_Authentication_PRESENTATION_Auhentication_bloc_auth_bloc/RegisterEvent-class.html"}},{"name":"email","qualifiedName":"auth_bloc.RegisterEvent.email","href":"Features_Authentication_PRESENTATION_Auhentication_bloc_auth_bloc/RegisterEvent/email.html","kind":16,"overriddenDepth":0,"packageRank":0,"desc":"","enclosedBy":{"name":"RegisterEvent","kind":3,"href":"Features_Authentication_PRESENTATION_Auhentication_bloc_auth_bloc/RegisterEvent-class.html"}},{"name":"imageUrl","qualifiedName":"auth_bloc.RegisterEvent.imageUrl","href":"Features_Authentication_PRESENTATION_Auhentication_bloc_auth_bloc/RegisterEvent/imageUrl.html","kind":16,"overriddenDepth":0,"packageRank":0,"desc":"","enclosedBy":{"name":"RegisterEvent","kind":3,"href":"Features_Authentication_PRESENTATION_Auhentication_bloc_auth_bloc/RegisterEvent-class.html"}},{"name":"name","qualifiedName":"auth_bloc.RegisterEvent.name","href":"Features_Authentication_PRESENTATION_Auhentication_bloc_auth_bloc/RegisterEvent/name.html","kind":16,"overriddenDepth":0,"packageRank":0,"desc":"","enclosedBy":{"name":"RegisterEvent","kind":3,"href":"Features_Authentication_PRESENTATION_Auhentication_bloc_auth_bloc/RegisterEvent-class.html"}},{"name":"password","qualifiedName":"auth_bloc.RegisterEvent.password","href":"Features_Authentication_PRESENTATION_Auhentication_bloc_auth_bloc/RegisterEvent/password.html","kind":16,"overriddenDepth":0,"packageRank":0,"desc":"","enclosedBy":{"name":"RegisterEvent","kind":3,"href":"Features_Authentication_PRESENTATION_Auhentication_bloc_auth_bloc/RegisterEvent-class.html"}},{"name":"bug_bloc","qualifiedName":"bug_bloc","href":"Features_Bug_tracker_PRESENTATION_Bloc_Bug_bug_bloc","kind":9,"packageRank":0,"desc":""},{"name":"AddBugEvent","qualifiedName":"bug_bloc.AddBugEvent","href":"Features_Bug_tracker_PRESENTATION_Bloc_Bug_bug_bloc/AddBugEvent-class.html","kind":3,"packageRank":0,"desc":"","enclosedBy":{"name":"bug_bloc","kind":9,"href":"Features_Bug_tracker_PRESENTATION_Bloc_Bug_bug_bloc"}},{"name":"AddBugEvent","qualifiedName":"bug_bloc.AddBugEvent.AddBugEvent","href":"Features_Bug_tracker_PRESENTATION_Bloc_Bug_bug_bloc/AddBugEvent/AddBugEvent.html","kind":2,"packageRank":0,"desc":"","enclosedBy":{"name":"AddBugEvent","kind":3,"href":"Features_Bug_tracker_PRESENTATION_Bloc_Bug_bug_bloc/AddBugEvent-class.html"}},{"name":"bug","qualifiedName":"bug_bloc.AddBugEvent.bug","href":"Features_Bug_tracker_PRESENTATION_Bloc_Bug_bug_bloc/AddBugEvent/bug.html","kind":16,"overriddenDepth":0,"packageRank":0,"desc":"","enclosedBy":{"name":"AddBugEvent","kind":3,"href":"Features_Bug_tracker_PRESENTATION_Bloc_Bug_bug_bloc/AddBugEvent-class.html"}},{"name":"BugBloc","qualifiedName":"bug_bloc.BugBloc","href":"Features_Bug_tracker_PRESENTATION_Bloc_Bug_bug_bloc/BugBloc-class.html","kind":3,"packageRank":0,"desc":"","enclosedBy":{"name":"bug_bloc","kind":9,"href":"Features_Bug_tracker_PRESENTATION_Bloc_Bug_bug_bloc"}},{"name":"BugBloc","qualifiedName":"bug_bloc.BugBloc.BugBloc","href":"Features_Bug_tracker_PRESENTATION_Bloc_Bug_bug_bloc/BugBloc/BugBloc.html","kind":2,"packageRank":0,"desc":"Initializes BugBloc with BugInitial state and registers event handlers.","enclosedBy":{"name":"BugBloc","kind":3,"href":"Features_Bug_tracker_PRESENTATION_Bloc_Bug_bug_bloc/BugBloc-class.html"}},{"name":"bugService","qualifiedName":"bug_bloc.BugBloc.bugService","href":"Features_Bug_tracker_PRESENTATION_Bloc_Bug_bug_bloc/BugBloc/bugService.html","kind":16,"overriddenDepth":0,"packageRank":0,"desc":"Service class instance to perform Firestore operations.","enclosedBy":{"name":"BugBloc","kind":3,"href":"Features_Bug_tracker_PRESENTATION_Bloc_Bug_bug_bloc/BugBloc-class.html"}},{"name":"BugDelete","qualifiedName":"bug_bloc.BugDelete","href":"Features_Bug_tracker_PRESENTATION_Bloc_Bug_bug_bloc/BugDelete-class.html","kind":3,"packageRank":0,"desc":"","enclosedBy":{"name":"bug_bloc","kind":9,"href":"Features_Bug_tracker_PRESENTATION_Bloc_Bug_bug_bloc"}},{"name":"BugDelete","qualifiedName":"bug_bloc.BugDelete.BugDelete","href":"Features_Bug_tracker_PRESENTATION_Bloc_Bug_bug_bloc/BugDelete/BugDelete.html","kind":2,"packageRank":0,"desc":"","enclosedBy":{"name":"BugDelete","kind":3,"href":"Features_Bug_tracker_PRESENTATION_Bloc_Bug_bug_bloc/BugDelete-class.html"}},{"name":"id","qualifiedName":"bug_bloc.BugDelete.id","href":"Features_Bug_tracker_PRESENTATION_Bloc_Bug_bug_bloc/BugDelete/id.html","kind":16,"overriddenDepth":0,"packageRank":0,"desc":"","enclosedBy":{"name":"BugDelete","kind":3,"href":"Features_Bug_tracker_PRESENTATION_Bloc_Bug_bug_bloc/BugDelete-class.html"}},{"name":"BugEvent","qualifiedName":"bug_bloc.BugEvent","href":"Features_Bug_tracker_PRESENTATION_Bloc_Bug_bug_bloc/BugEvent-class.html","kind":3,"packageRank":0,"desc":"","enclosedBy":{"name":"bug_bloc","kind":9,"href":"Features_Bug_tracker_PRESENTATION_Bloc_Bug_bug_bloc"}},{"name":"BugEvent","qualifiedName":"bug_bloc.BugEvent.BugEvent","href":"Features_Bug_tracker_PRESENTATION_Bloc_Bug_bug_bloc/BugEvent/BugEvent.html","kind":2,"packageRank":0,"desc":"","enclosedBy":{"name":"BugEvent","kind":3,"href":"Features_Bug_tracker_PRESENTATION_Bloc_Bug_bug_bloc/BugEvent-class.html"}},{"name":"BugLoadEvent","qualifiedName":"bug_bloc.BugLoadEvent","href":"Features_Bug_tracker_PRESENTATION_Bloc_Bug_bug_bloc/BugLoadEvent-class.html","kind":3,"packageRank":0,"desc":"","enclosedBy":{"name":"bug_bloc","kind":9,"href":"Features_Bug_tracker_PRESENTATION_Bloc_Bug_bug_bloc"}},{"name":"BugLoadEvent","qualifiedName":"bug_bloc.BugLoadEvent.BugLoadEvent","href":"Features_Bug_tracker_PRESENTATION_Bloc_Bug_bug_bloc/BugLoadEvent/BugLoadEvent.html","kind":2,"packageRank":0,"desc":"","enclosedBy":{"name":"BugLoadEvent","kind":3,"href":"Features_Bug_tracker_PRESENTATION_Bloc_Bug_bug_bloc/BugLoadEvent-class.html"}},{"name":"UpdateBugEvent","qualifiedName":"bug_bloc.UpdateBugEvent","href":"Features_Bug_tracker_PRESENTATION_Bloc_Bug_bug_bloc/UpdateBugEvent-class.html","kind":3,"packageRank":0,"desc":"","enclosedBy":{"name":"bug_bloc","kind":9,"href":"Features_Bug_tracker_PRESENTATION_Bloc_Bug_bug_bloc"}},{"name":"UpdateBugEvent","qualifiedName":"bug_bloc.UpdateBugEvent.UpdateBugEvent","href":"Features_Bug_tracker_PRESENTATION_Bloc_Bug_bug_bloc/UpdateBugEvent/UpdateBugEvent.html","kind":2,"packageRank":0,"desc":"","enclosedBy":{"name":"UpdateBugEvent","kind":3,"href":"Features_Bug_tracker_PRESENTATION_Bloc_Bug_bug_bloc/UpdateBugEvent-class.html"}},{"name":"bug","qualifiedName":"bug_bloc.UpdateBugEvent.bug","href":"Features_Bug_tracker_PRESENTATION_Bloc_Bug_bug_bloc/UpdateBugEvent/bug.html","kind":16,"overriddenDepth":0,"packageRank":0,"desc":"","enclosedBy":{"name":"UpdateBugEvent","kind":3,"href":"Features_Bug_tracker_PRESENTATION_Bloc_Bug_bug_bloc/UpdateBugEvent-class.html"}},{"name":"bug_detail_screen","qualifiedName":"bug_detail_screen","href":"Features_Bug_tracker_PRESENTATION_Screens_Main_screens_bug_detail_screen","kind":9,"packageRank":0,"desc":""},{"name":"BugDetailScreen","qualifiedName":"bug_detail_screen.BugDetailScreen","href":"Features_Bug_tracker_PRESENTATION_Screens_Main_screens_bug_detail_screen/BugDetailScreen-class.html","kind":3,"packageRank":0,"desc":"","enclosedBy":{"name":"bug_detail_screen","kind":9,"href":"Features_Bug_tracker_PRESENTATION_Screens_Main_screens_bug_detail_screen"}},{"name":"BugDetailScreen","qualifiedName":"bug_detail_screen.BugDetailScreen.BugDetailScreen","href":"Features_Bug_tracker_PRESENTATION_Screens_Main_screens_bug_detail_screen/BugDetailScreen/BugDetailScreen.html","kind":2,"packageRank":0,"desc":"","enclosedBy":{"name":"BugDetailScreen","kind":3,"href":"Features_Bug_tracker_PRESENTATION_Screens_Main_screens_bug_detail_screen/BugDetailScreen-class.html"}},{"name":"build","qualifiedName":"bug_detail_screen.BugDetailScreen.build","href":"Features_Bug_tracker_PRESENTATION_Screens_Main_screens_bug_detail_screen/BugDetailScreen/build.html","kind":10,"overriddenDepth":1,"packageRank":0,"desc":"Describes the part of the user interface represented by this widget.","enclosedBy":{"name":"BugDetailScreen","kind":3,"href":"Features_Bug_tracker_PRESENTATION_Screens_Main_screens_bug_detail_screen/BugDetailScreen-class.html"}},{"name":"date","qualifiedName":"bug_detail_screen.BugDetailScreen.date","href":"Features_Bug_tracker_PRESENTATION_Screens_Main_screens_bug_detail_screen/BugDetailScreen/date.html","kind":16,"overriddenDepth":0,"packageRank":0,"desc":"","enclosedBy":{"name":"BugDetailScreen","kind":3,"href":"Features_Bug_tracker_PRESENTATION_Screens_Main_screens_bug_detail_screen/BugDetailScreen-class.html"}},{"name":"desc","qualifiedName":"bug_detail_screen.BugDetailScreen.desc","href":"Features_Bug_tracker_PRESENTATION_Screens_Main_screens_bug_detail_screen/BugDetailScreen/desc.html","kind":16,"overriddenDepth":0,"packageRank":0,"desc":"","enclosedBy":{"name":"BugDetailScreen","kind":3,"href":"Features_Bug_tracker_PRESENTATION_Screens_Main_screens_bug_detail_screen/BugDetailScreen-class.html"}},{"name":"developer","qualifiedName":"bug_detail_screen.BugDetailScreen.developer","href":"Features_Bug_tracker_PRESENTATION_Screens_Main_screens_bug_detail_screen/BugDetailScreen/developer.html","kind":16,"overriddenDepth":0,"packageRank":0,"desc":"","enclosedBy":{"name":"BugDetailScreen","kind":3,"href":"Features_Bug_tracker_PRESENTATION_Screens_Main_screens_bug_detail_screen/BugDetailScreen-class.html"}},{"name":"onUpdate","qualifiedName":"bug_detail_screen.BugDetailScreen.onUpdate","href":"Features_Bug_tracker_PRESENTATION_Screens_Main_screens_bug_detail_screen/BugDetailScreen/onUpdate.html","kind":16,"overriddenDepth":0,"packageRank":0,"desc":"","enclosedBy":{"name":"BugDetailScreen","kind":3,"href":"Features_Bug_tracker_PRESENTATION_Screens_Main_screens_bug_detail_screen/BugDetailScreen-class.html"}},{"name":"severity","qualifiedName":"bug_detail_screen.BugDetailScreen.severity","href":"Features_Bug_tracker_PRESENTATION_Screens_Main_screens_bug_detail_screen/BugDetailScreen/severity.html","kind":16,"overriddenDepth":0,"packageRank":0,"desc":"","enclosedBy":{"name":"BugDetailScreen","kind":3,"href":"Features_Bug_tracker_PRESENTATION_Screens_Main_screens_bug_detail_screen/BugDetailScreen-class.html"}},{"name":"status","qualifiedName":"bug_detail_screen.BugDetailScreen.status","href":"Features_Bug_tracker_PRESENTATION_Screens_Main_screens_bug_detail_screen/BugDetailScreen/status.html","kind":16,"overriddenDepth":0,"packageRank":0,"desc":"","enclosedBy":{"name":"BugDetailScreen","kind":3,"href":"Features_Bug_tracker_PRESENTATION_Screens_Main_screens_bug_detail_screen/BugDetailScreen-class.html"}},{"name":"title","qualifiedName":"bug_detail_screen.BugDetailScreen.title","href":"Features_Bug_tracker_PRESENTATION_Screens_Main_screens_bug_detail_screen/BugDetailScreen/title.html","kind":16,"overriddenDepth":0,"packageRank":0,"desc":"","enclosedBy":{"name":"BugDetailScreen","kind":3,"href":"Features_Bug_tracker_PRESENTATION_Screens_Main_screens_bug_detail_screen/BugDetailScreen-class.html"}},{"name":"bug_model","qualifiedName":"bug_model","href":"Features_Bug_tracker_DATA_Model_bug_model","kind":9,"packageRank":0,"desc":""},{"name":"BugModelCustom","qualifiedName":"bug_model.BugModelCustom","href":"Features_Bug_tracker_DATA_Model_bug_model/BugModelCustom-class.html","kind":3,"packageRank":0,"desc":"","enclosedBy":{"name":"bug_model","kind":9,"href":"Features_Bug_tracker_DATA_Model_bug_model"}},{"name":"BugModelCustom","qualifiedName":"bug_model.BugModelCustom.BugModelCustom","href":"Features_Bug_tracker_DATA_Model_bug_model/BugModelCustom/BugModelCustom.html","kind":2,"packageRank":0,"desc":"Current status of the bug (e.g., Fixed, Unfixed).","enclosedBy":{"name":"BugModelCustom","kind":3,"href":"Features_Bug_tracker_DATA_Model_bug_model/BugModelCustom-class.html"}},{"name":"BugModelCustom.fromFirestore","qualifiedName":"bug_model.BugModelCustom.BugModelCustom.fromFirestore","href":"Features_Bug_tracker_DATA_Model_bug_model/BugModelCustom/BugModelCustom.fromFirestore.html","kind":2,"packageRank":0,"desc":"Creates a BugModelCustom object from Firestore data.","enclosedBy":{"name":"BugModelCustom","kind":3,"href":"Features_Bug_tracker_DATA_Model_bug_model/BugModelCustom-class.html"}},{"name":"assignedDeveloper","qualifiedName":"bug_model.BugModelCustom.assignedDeveloper","href":"Features_Bug_tracker_DATA_Model_bug_model/BugModelCustom/assignedDeveloper.html","kind":16,"overriddenDepth":0,"packageRank":0,"desc":"Detailed description of the bug.","enclosedBy":{"name":"BugModelCustom","kind":3,"href":"Features_Bug_tracker_DATA_Model_bug_model/BugModelCustom-class.html"}},{"name":"date","qualifiedName":"bug_model.BugModelCustom.date","href":"Features_Bug_tracker_DATA_Model_bug_model/BugModelCustom/date.html","kind":16,"overriddenDepth":0,"packageRank":0,"desc":"who is asssigned the bugs","enclosedBy":{"name":"BugModelCustom","kind":3,"href":"Features_Bug_tracker_DATA_Model_bug_model/BugModelCustom-class.html"}},{"name":"description","qualifiedName":"bug_model.BugModelCustom.description","href":"Features_Bug_tracker_DATA_Model_bug_model/BugModelCustom/description.html","kind":16,"overriddenDepth":0,"packageRank":0,"desc":"Short title describing the bug.","enclosedBy":{"name":"BugModelCustom","kind":3,"href":"Features_Bug_tracker_DATA_Model_bug_model/BugModelCustom-class.html"}},{"name":"severity","qualifiedName":"bug_model.BugModelCustom.severity","href":"Features_Bug_tracker_DATA_Model_bug_model/BugModelCustom/severity.html","kind":16,"overriddenDepth":0,"packageRank":0,"desc":"Date when the bug was reported.","enclosedBy":{"name":"BugModelCustom","kind":3,"href":"Features_Bug_tracker_DATA_Model_bug_model/BugModelCustom-class.html"}},{"name":"status","qualifiedName":"bug_model.BugModelCustom.status","href":"Features_Bug_tracker_DATA_Model_bug_model/BugModelCustom/status.html","kind":16,"overriddenDepth":0,"packageRank":0,"desc":"","enclosedBy":{"name":"BugModelCustom","kind":3,"href":"Features_Bug_tracker_DATA_Model_bug_model/BugModelCustom-class.html"}},{"name":"title","qualifiedName":"bug_model.BugModelCustom.title","href":"Features_Bug_tracker_DATA_Model_bug_model/BugModelCustom/title.html","kind":16,"overriddenDepth":0,"packageRank":0,"desc":"The ID of the user who created the bug.","enclosedBy":{"name":"BugModelCustom","kind":3,"href":"Features_Bug_tracker_DATA_Model_bug_model/BugModelCustom-class.html"}},{"name":"toMap","qualifiedName":"bug_model.BugModelCustom.toMap","href":"Features_Bug_tracker_DATA_Model_bug_model/BugModelCustom/toMap.html","kind":10,"overriddenDepth":0,"packageRank":0,"desc":"Converts the BugModelCustom object into a map suitable for Firestore storage.","enclosedBy":{"name":"BugModelCustom","kind":3,"href":"Features_Bug_tracker_DATA_Model_bug_model/BugModelCustom-class.html"}},{"name":"userId","qualifiedName":"bug_model.BugModelCustom.userId","href":"Features_Bug_tracker_DATA_Model_bug_model/BugModelCustom/userId.html","kind":16,"overriddenDepth":0,"packageRank":0,"desc":"","enclosedBy":{"name":"BugModelCustom","kind":3,"href":"Features_Bug_tracker_DATA_Model_bug_model/BugModelCustom-class.html"}},{"name":"bug_services","qualifiedName":"bug_services","href":"Features_Bug_tracker_DATA_Repositories_bug_services_bug_services","kind":9,"packageRank":0,"desc":""},{"name":"BugService","qualifiedName":"bug_services.BugService","href":"Features_Bug_tracker_DATA_Repositories_bug_services_bug_services/BugService-class.html","kind":3,"packageRank":0,"desc":"","enclosedBy":{"name":"bug_services","kind":9,"href":"Features_Bug_tracker_DATA_Repositories_bug_services_bug_services"}},{"name":"BugService","qualifiedName":"bug_services.BugService.BugService","href":"Features_Bug_tracker_DATA_Repositories_bug_services_bug_services/BugService/BugService.html","kind":2,"packageRank":0,"desc":"","enclosedBy":{"name":"BugService","kind":3,"href":"Features_Bug_tracker_DATA_Repositories_bug_services_bug_services/BugService-class.html"}},{"name":"addBugs","qualifiedName":"bug_services.BugService.addBugs","href":"Features_Bug_tracker_DATA_Repositories_bug_services_bug_services/BugService/addBugs.html","kind":10,"overriddenDepth":0,"packageRank":0,"desc":"Adds a new bug to Firestore.","enclosedBy":{"name":"BugService","kind":3,"href":"Features_Bug_tracker_DATA_Repositories_bug_services_bug_services/BugService-class.html"}},{"name":"bugDelete","qualifiedName":"bug_services.BugService.bugDelete","href":"Features_Bug_tracker_DATA_Repositories_bug_services_bug_services/BugService/bugDelete.html","kind":10,"overriddenDepth":0,"packageRank":0,"desc":"Deletes a bug document from Firestore by its userId.","enclosedBy":{"name":"BugService","kind":3,"href":"Features_Bug_tracker_DATA_Repositories_bug_services_bug_services/BugService-class.html"}},{"name":"bugcollection","qualifiedName":"bug_services.BugService.bugcollection","href":"Features_Bug_tracker_DATA_Repositories_bug_services_bug_services/BugService/bugcollection.html","kind":16,"overriddenDepth":0,"packageRank":0,"desc":"Firestore collection reference for storing bugs.","enclosedBy":{"name":"BugService","kind":3,"href":"Features_Bug_tracker_DATA_Repositories_bug_services_bug_services/BugService-class.html"}},{"name":"getBugs","qualifiedName":"bug_services.BugService.getBugs","href":"Features_Bug_tracker_DATA_Repositories_bug_services_bug_services/BugService/getBugs.html","kind":10,"overriddenDepth":0,"packageRank":0,"desc":"","enclosedBy":{"name":"BugService","kind":3,"href":"Features_Bug_tracker_DATA_Repositories_bug_services_bug_services/BugService-class.html"}},{"name":"updateBug","qualifiedName":"bug_services.BugService.updateBug","href":"Features_Bug_tracker_DATA_Repositories_bug_services_bug_services/BugService/updateBug.html","kind":10,"overriddenDepth":0,"packageRank":0,"desc":"","enclosedBy":{"name":"BugService","kind":3,"href":"Features_Bug_tracker_DATA_Repositories_bug_services_bug_services/BugService-class.html"}},{"name":"bug_state","qualifiedName":"bug_state","href":"Features_Bug_tracker_PRESENTATION_Bloc_Bug_bug_state","kind":9,"packageRank":0,"desc":""},{"name":"BugAdded","qualifiedName":"bug_state.BugAdded","href":"Features_Bug_tracker_PRESENTATION_Bloc_Bug_bug_state/BugAdded-class.html","kind":3,"packageRank":0,"desc":"","enclosedBy":{"name":"bug_state","kind":9,"href":"Features_Bug_tracker_PRESENTATION_Bloc_Bug_bug_state"}},{"name":"BugAdded","qualifiedName":"bug_state.BugAdded.BugAdded","href":"Features_Bug_tracker_PRESENTATION_Bloc_Bug_bug_state/BugAdded/BugAdded.html","kind":2,"packageRank":0,"desc":"","enclosedBy":{"name":"BugAdded","kind":3,"href":"Features_Bug_tracker_PRESENTATION_Bloc_Bug_bug_state/BugAdded-class.html"}},{"name":"BugError","qualifiedName":"bug_state.BugError","href":"Features_Bug_tracker_PRESENTATION_Bloc_Bug_bug_state/BugError-class.html","kind":3,"packageRank":0,"desc":"","enclosedBy":{"name":"bug_state","kind":9,"href":"Features_Bug_tracker_PRESENTATION_Bloc_Bug_bug_state"}},{"name":"BugError","qualifiedName":"bug_state.BugError.BugError","href":"Features_Bug_tracker_PRESENTATION_Bloc_Bug_bug_state/BugError/BugError.html","kind":2,"packageRank":0,"desc":"","enclosedBy":{"name":"BugError","kind":3,"href":"Features_Bug_tracker_PRESENTATION_Bloc_Bug_bug_state/BugError-class.html"}},{"name":"message","qualifiedName":"bug_state.BugError.message","href":"Features_Bug_tracker_PRESENTATION_Bloc_Bug_bug_state/BugError/message.html","kind":16,"overriddenDepth":0,"packageRank":0,"desc":"Creates a BugError state with an error message.","enclosedBy":{"name":"BugError","kind":3,"href":"Features_Bug_tracker_PRESENTATION_Bloc_Bug_bug_state/BugError-class.html"}},{"name":"BugInitial","qualifiedName":"bug_state.BugInitial","href":"Features_Bug_tracker_PRESENTATION_Bloc_Bug_bug_state/BugInitial-class.html","kind":3,"packageRank":0,"desc":"","enclosedBy":{"name":"bug_state","kind":9,"href":"Features_Bug_tracker_PRESENTATION_Bloc_Bug_bug_state"}},{"name":"BugInitial","qualifiedName":"bug_state.BugInitial.BugInitial","href":"Features_Bug_tracker_PRESENTATION_Bloc_Bug_bug_state/BugInitial/BugInitial.html","kind":2,"packageRank":0,"desc":"","enclosedBy":{"name":"BugInitial","kind":3,"href":"Features_Bug_tracker_PRESENTATION_Bloc_Bug_bug_state/BugInitial-class.html"}},{"name":"BugLoaded","qualifiedName":"bug_state.BugLoaded","href":"Features_Bug_tracker_PRESENTATION_Bloc_Bug_bug_state/BugLoaded-class.html","kind":3,"packageRank":0,"desc":"","enclosedBy":{"name":"bug_state","kind":9,"href":"Features_Bug_tracker_PRESENTATION_Bloc_Bug_bug_state"}},{"name":"BugLoaded","qualifiedName":"bug_state.BugLoaded.BugLoaded","href":"Features_Bug_tracker_PRESENTATION_Bloc_Bug_bug_state/BugLoaded/BugLoaded.html","kind":2,"packageRank":0,"desc":"","enclosedBy":{"name":"BugLoaded","kind":3,"href":"Features_Bug_tracker_PRESENTATION_Bloc_Bug_bug_state/BugLoaded-class.html"}},{"name":"bugss","qualifiedName":"bug_state.BugLoaded.bugss","href":"Features_Bug_tracker_PRESENTATION_Bloc_Bug_bug_state/BugLoaded/bugss.html","kind":16,"overriddenDepth":0,"packageRank":0,"desc":"","enclosedBy":{"name":"BugLoaded","kind":3,"href":"Features_Bug_tracker_PRESENTATION_Bloc_Bug_bug_state/BugLoaded-class.html"}},{"name":"BugLoading","qualifiedName":"bug_state.BugLoading","href":"Features_Bug_tracker_PRESENTATION_Bloc_Bug_bug_state/BugLoading-class.html","kind":3,"packageRank":0,"desc":"","enclosedBy":{"name":"bug_state","kind":9,"href":"Features_Bug_tracker_PRESENTATION_Bloc_Bug_bug_state"}},{"name":"BugLoading","qualifiedName":"bug_state.BugLoading.BugLoading","href":"Features_Bug_tracker_PRESENTATION_Bloc_Bug_bug_state/BugLoading/BugLoading.html","kind":2,"packageRank":0,"desc":"","enclosedBy":{"name":"BugLoading","kind":3,"href":"Features_Bug_tracker_PRESENTATION_Bloc_Bug_bug_state/BugLoading-class.html"}},{"name":"BugState","qualifiedName":"bug_state.BugState","href":"Features_Bug_tracker_PRESENTATION_Bloc_Bug_bug_state/BugState-class.html","kind":3,"packageRank":0,"desc":"","enclosedBy":{"name":"bug_state","kind":9,"href":"Features_Bug_tracker_PRESENTATION_Bloc_Bug_bug_state"}},{"name":"BugState","qualifiedName":"bug_state.BugState.BugState","href":"Features_Bug_tracker_PRESENTATION_Bloc_Bug_bug_state/BugState/BugState.html","kind":2,"packageRank":0,"desc":"","enclosedBy":{"name":"BugState","kind":3,"href":"Features_Bug_tracker_PRESENTATION_Bloc_Bug_bug_state/BugState-class.html"}},{"name":"color_constant","qualifiedName":"color_constant","href":"core_constants_color_costants_color_constant","kind":9,"packageRank":0,"desc":""},{"name":"ColorConstant","qualifiedName":"color_constant.ColorConstant","href":"core_constants_color_costants_color_constant/ColorConstant-class.html","kind":3,"packageRank":0,"desc":"","enclosedBy":{"name":"color_constant","kind":9,"href":"core_constants_color_costants_color_constant"}},{"name":"Bugs_card","qualifiedName":"color_constant.ColorConstant.Bugs_card","href":"core_constants_color_costants_color_constant/ColorConstant/Bugs_card-constant.html","kind":1,"overriddenDepth":0,"packageRank":0,"desc":"","enclosedBy":{"name":"ColorConstant","kind":3,"href":"core_constants_color_costants_color_constant/ColorConstant-class.html"}},{"name":"ColorConstant","qualifiedName":"color_constant.ColorConstant.ColorConstant","href":"core_constants_color_costants_color_constant/ColorConstant/ColorConstant.html","kind":2,"packageRank":0,"desc":"","enclosedBy":{"name":"ColorConstant","kind":3,"href":"core_constants_color_costants_color_constant/ColorConstant-class.html"}},{"name":"Scaffoldgb","qualifiedName":"color_constant.ColorConstant.Scaffoldgb","href":"core_constants_color_costants_color_constant/ColorConstant/Scaffoldgb-constant.html","kind":1,"overriddenDepth":0,"packageRank":0,"desc":"","enclosedBy":{"name":"ColorConstant","kind":3,"href":"core_constants_color_costants_color_constant/ColorConstant-class.html"}},{"name":"loginBlue","qualifiedName":"color_constant.ColorConstant.loginBlue","href":"core_constants_color_costants_color_constant/ColorConstant/loginBlue-constant.html","kind":1,"overriddenDepth":0,"packageRank":0,"desc":"","enclosedBy":{"name":"ColorConstant","kind":3,"href":"core_constants_color_costants_color_constant/ColorConstant-class.html"}},{"name":"loginGreen","qualifiedName":"color_constant.ColorConstant.loginGreen","href":"core_constants_color_costants_color_constant/ColorConstant/loginGreen-constant.html","kind":1,"overriddenDepth":0,"packageRank":0,"desc":"","enclosedBy":{"name":"ColorConstant","kind":3,"href":"core_constants_color_costants_color_constant/ColorConstant-class.html"}},{"name":"loginGrey","qualifiedName":"color_constant.ColorConstant.loginGrey","href":"core_constants_color_costants_color_constant/ColorConstant/loginGrey-constant.html","kind":1,"overriddenDepth":0,"packageRank":0,"desc":"","enclosedBy":{"name":"ColorConstant","kind":3,"href":"core_constants_color_costants_color_constant/ColorConstant-class.html"}},{"name":"loginLightBlue","qualifiedName":"color_constant.ColorConstant.loginLightBlue","href":"core_constants_color_costants_color_constant/ColorConstant/loginLightBlue-constant.html","kind":1,"overriddenDepth":0,"packageRank":0,"desc":"","enclosedBy":{"name":"ColorConstant","kind":3,"href":"core_constants_color_costants_color_constant/ColorConstant-class.html"}},{"name":"mainBlack","qualifiedName":"color_constant.ColorConstant.mainBlack","href":"core_constants_color_costants_color_constant/ColorConstant/mainBlack-constant.html","kind":1,"overriddenDepth":0,"packageRank":0,"desc":"","enclosedBy":{"name":"ColorConstant","kind":3,"href":"core_constants_color_costants_color_constant/ColorConstant-class.html"}},{"name":"mainRed","qualifiedName":"color_constant.ColorConstant.mainRed","href":"core_constants_color_costants_color_constant/ColorConstant/mainRed-constant.html","kind":1,"overriddenDepth":0,"packageRank":0,"desc":"","enclosedBy":{"name":"ColorConstant","kind":3,"href":"core_constants_color_costants_color_constant/ColorConstant-class.html"}},{"name":"mainWhite","qualifiedName":"color_constant.ColorConstant.mainWhite","href":"core_constants_color_costants_color_constant/ColorConstant/mainWhite-constant.html","kind":1,"overriddenDepth":0,"packageRank":0,"desc":"","enclosedBy":{"name":"ColorConstant","kind":3,"href":"core_constants_color_costants_color_constant/ColorConstant-class.html"}},{"name":"const_size","qualifiedName":"const_size","href":"core_constants_const_size_const_size","kind":9,"packageRank":0,"desc":""},{"name":"CustomSize","qualifiedName":"const_size.CustomSize","href":"core_constants_const_size_const_size/CustomSize-class.html","kind":3,"packageRank":0,"desc":"","enclosedBy":{"name":"const_size","kind":9,"href":"core_constants_const_size_const_size"}},{"name":"CustomSize","qualifiedName":"const_size.CustomSize.CustomSize","href":"core_constants_const_size_const_size/CustomSize/CustomSize.html","kind":2,"packageRank":0,"desc":"","enclosedBy":{"name":"CustomSize","kind":3,"href":"core_constants_const_size_const_size/CustomSize-class.html"}},{"name":"kSizedBoxheight10","qualifiedName":"const_size.CustomSize.kSizedBoxheight10","href":"core_constants_const_size_const_size/CustomSize/kSizedBoxheight10-constant.html","kind":1,"overriddenDepth":0,"packageRank":0,"desc":"","enclosedBy":{"name":"CustomSize","kind":3,"href":"core_constants_const_size_const_size/CustomSize-class.html"}},{"name":"kSizedBoxwidth5","qualifiedName":"const_size.CustomSize.kSizedBoxwidth5","href":"core_constants_const_size_const_size/CustomSize/kSizedBoxwidth5-constant.html","kind":1,"overriddenDepth":0,"packageRank":0,"desc":"","enclosedBy":{"name":"CustomSize","kind":3,"href":"core_constants_const_size_const_size/CustomSize-class.html"}},{"name":"fcm_notification","qualifiedName":"fcm_notification","href":"Features_Bug_tracker_DATA_Services_fcm_notification","kind":9,"packageRank":0,"desc":""},{"name":"FcmNotificationService","qualifiedName":"fcm_notification.FcmNotificationService","href":"Features_Bug_tracker_DATA_Services_fcm_notification/FcmNotificationService-class.html","kind":3,"packageRank":0,"desc":"","enclosedBy":{"name":"fcm_notification","kind":9,"href":"Features_Bug_tracker_DATA_Services_fcm_notification"}},{"name":"FcmNotificationService","qualifiedName":"fcm_notification.FcmNotificationService.FcmNotificationService","href":"Features_Bug_tracker_DATA_Services_fcm_notification/FcmNotificationService/FcmNotificationService.html","kind":2,"packageRank":0,"desc":"","enclosedBy":{"name":"FcmNotificationService","kind":3,"href":"Features_Bug_tracker_DATA_Services_fcm_notification/FcmNotificationService-class.html"}},{"name":"flutterLocalNotificationsPlugin","qualifiedName":"fcm_notification.FcmNotificationService.flutterLocalNotificationsPlugin","href":"Features_Bug_tracker_DATA_Services_fcm_notification/FcmNotificationService/flutterLocalNotificationsPlugin.html","kind":16,"overriddenDepth":0,"packageRank":0,"desc":"Local Notifications Plugin to show foreground notifications","enclosedBy":{"name":"FcmNotificationService","kind":3,"href":"Features_Bug_tracker_DATA_Services_fcm_notification/FcmNotificationService-class.html"}},{"name":"getDeviceToken","qualifiedName":"fcm_notification.FcmNotificationService.getDeviceToken","href":"Features_Bug_tracker_DATA_Services_fcm_notification/FcmNotificationService/getDeviceToken.html","kind":10,"overriddenDepth":0,"packageRank":0,"desc":"Retrieves the device's unique Firebase Messaging Token.\nCan be used to send push notifications to this device.","enclosedBy":{"name":"FcmNotificationService","kind":3,"href":"Features_Bug_tracker_DATA_Services_fcm_notification/FcmNotificationService-class.html"}},{"name":"messaging","qualifiedName":"fcm_notification.FcmNotificationService.messaging","href":"Features_Bug_tracker_DATA_Services_fcm_notification/FcmNotificationService/messaging.html","kind":16,"overriddenDepth":0,"packageRank":0,"desc":"Instance of Firebase Messaging.","enclosedBy":{"name":"FcmNotificationService","kind":3,"href":"Features_Bug_tracker_DATA_Services_fcm_notification/FcmNotificationService-class.html"}},{"name":"onSelectNotification","qualifiedName":"fcm_notification.FcmNotificationService.onSelectNotification","href":"Features_Bug_tracker_DATA_Services_fcm_notification/FcmNotificationService/onSelectNotification.html","kind":10,"overriddenDepth":0,"packageRank":0,"desc":"Called when the user taps on a local notification.","enclosedBy":{"name":"FcmNotificationService","kind":3,"href":"Features_Bug_tracker_DATA_Services_fcm_notification/FcmNotificationService-class.html"}},{"name":"registerPushNotificationHandler","qualifiedName":"fcm_notification.FcmNotificationService.registerPushNotificationHandler","href":"Features_Bug_tracker_DATA_Services_fcm_notification/FcmNotificationService/registerPushNotificationHandler.html","kind":10,"overriddenDepth":0,"packageRank":0,"desc":"","enclosedBy":{"name":"FcmNotificationService","kind":3,"href":"Features_Bug_tracker_DATA_Services_fcm_notification/FcmNotificationService-class.html"}},{"name":"firebase_options","qualifiedName":"firebase_options","href":"firebase_options","kind":9,"packageRank":0,"desc":""},{"name":"DefaultFirebaseOptions","qualifiedName":"firebase_options.DefaultFirebaseOptions","href":"firebase_options/DefaultFirebaseOptions-class.html","kind":3,"packageRank":0,"desc":"Default FirebaseOptions for use with your Firebase apps.","enclosedBy":{"name":"firebase_options","kind":9,"href":"firebase_options"}},{"name":"DefaultFirebaseOptions","qualifiedName":"firebase_options.DefaultFirebaseOptions.DefaultFirebaseOptions","href":"firebase_options/DefaultFirebaseOptions/DefaultFirebaseOptions.html","kind":2,"packageRank":0,"desc":"","enclosedBy":{"name":"DefaultFirebaseOptions","kind":3,"href":"firebase_options/DefaultFirebaseOptions-class.html"}},{"name":"android","qualifiedName":"firebase_options.DefaultFirebaseOptions.android","href":"firebase_options/DefaultFirebaseOptions/android-constant.html","kind":1,"overriddenDepth":0,"packageRank":0,"desc":"","enclosedBy":{"name":"DefaultFirebaseOptions","kind":3,"href":"firebase_options/DefaultFirebaseOptions-class.html"}},{"name":"currentPlatform","qualifiedName":"firebase_options.DefaultFirebaseOptions.currentPlatform","href":"firebase_options/DefaultFirebaseOptions/currentPlatform.html","kind":16,"overriddenDepth":0,"packageRank":0,"desc":"","enclosedBy":{"name":"DefaultFirebaseOptions","kind":3,"href":"firebase_options/DefaultFirebaseOptions-class.html"}},{"name":"ios","qualifiedName":"firebase_options.DefaultFirebaseOptions.ios","href":"firebase_options/DefaultFirebaseOptions/ios-constant.html","kind":1,"overriddenDepth":0,"packageRank":0,"desc":"","enclosedBy":{"name":"DefaultFirebaseOptions","kind":3,"href":"firebase_options/DefaultFirebaseOptions-class.html"}},{"name":"macos","qualifiedName":"firebase_options.DefaultFirebaseOptions.macos","href":"firebase_options/DefaultFirebaseOptions/macos-constant.html","kind":1,"overriddenDepth":0,"packageRank":0,"desc":"","enclosedBy":{"name":"DefaultFirebaseOptions","kind":3,"href":"firebase_options/DefaultFirebaseOptions-class.html"}},{"name":"web","qualifiedName":"firebase_options.DefaultFirebaseOptions.web","href":"firebase_options/DefaultFirebaseOptions/web-constant.html","kind":1,"overriddenDepth":0,"packageRank":0,"desc":"","enclosedBy":{"name":"DefaultFirebaseOptions","kind":3,"href":"firebase_options/DefaultFirebaseOptions-class.html"}},{"name":"home_screen","qualifiedName":"home_screen","href":"Features_Bug_tracker_PRESENTATION_Screens_Main_screens_home_screen","kind":9,"packageRank":0,"desc":""},{"name":"home_screen","qualifiedName":"home_screen","href":"Features_Bug_tracker_PRESENTATION_screens_Main_screens_home_screen","kind":9,"packageRank":0,"desc":""},{"name":"HomeScreen","qualifiedName":"home_screen.HomeScreen","href":"Features_Bug_tracker_PRESENTATION_screens_Main_screens_home_screen/HomeScreen-class.html","kind":3,"packageRank":0,"desc":"","enclosedBy":{"name":"home_screen","kind":9,"href":"Features_Bug_tracker_PRESENTATION_screens_Main_screens_home_screen"}},{"name":"HomeScreen","qualifiedName":"home_screen.HomeScreen","href":"Features_Bug_tracker_PRESENTATION_Screens_Main_screens_home_screen/HomeScreen-class.html","kind":3,"packageRank":0,"desc":"","enclosedBy":{"name":"home_screen","kind":9,"href":"Features_Bug_tracker_PRESENTATION_Screens_Main_screens_home_screen"}},{"name":"HomeScreen","qualifiedName":"home_screen.HomeScreen.HomeScreen","href":"Features_Bug_tracker_PRESENTATION_screens_Main_screens_home_screen/HomeScreen/HomeScreen.html","kind":2,"packageRank":0,"desc":"","enclosedBy":{"name":"HomeScreen","kind":3,"href":"Features_Bug_tracker_PRESENTATION_screens_Main_screens_home_screen/HomeScreen-class.html"}},{"name":"HomeScreen","qualifiedName":"home_screen.HomeScreen.HomeScreen","href":"Features_Bug_tracker_PRESENTATION_Screens_Main_screens_home_screen/HomeScreen/HomeScreen.html","kind":2,"packageRank":0,"desc":"","enclosedBy":{"name":"HomeScreen","kind":3,"href":"Features_Bug_tracker_PRESENTATION_Screens_Main_screens_home_screen/HomeScreen-class.html"}},{"name":"createState","qualifiedName":"home_screen.HomeScreen.createState","href":"Features_Bug_tracker_PRESENTATION_screens_Main_screens_home_screen/HomeScreen/createState.html","kind":10,"overriddenDepth":1,"packageRank":0,"desc":"Creates the mutable state for this widget at a given location in the tree.","enclosedBy":{"name":"HomeScreen","kind":3,"href":"Features_Bug_tracker_PRESENTATION_screens_Main_screens_home_screen/HomeScreen-class.html"}},{"name":"createState","qualifiedName":"home_screen.HomeScreen.createState","href":"Features_Bug_tracker_PRESENTATION_Screens_Main_screens_home_screen/HomeScreen/createState.html","kind":10,"overriddenDepth":1,"packageRank":0,"desc":"Creates the mutable state for this widget at a given location in the tree.","enclosedBy":{"name":"HomeScreen","kind":3,"href":"Features_Bug_tracker_PRESENTATION_Screens_Main_screens_home_screen/HomeScreen-class.html"}},{"name":"HomeScreenState","qualifiedName":"home_screen.HomeScreenState","href":"Features_Bug_tracker_PRESENTATION_Screens_Main_screens_home_screen/HomeScreenState-class.html","kind":3,"packageRank":0,"desc":"","enclosedBy":{"name":"home_screen","kind":9,"href":"Features_Bug_tracker_PRESENTATION_Screens_Main_screens_home_screen"}},{"name":"HomeScreenState","qualifiedName":"home_screen.HomeScreenState","href":"Features_Bug_tracker_PRESENTATION_screens_Main_screens_home_screen/HomeScreenState-class.html","kind":3,"packageRank":0,"desc":"","enclosedBy":{"name":"home_screen","kind":9,"href":"Features_Bug_tracker_PRESENTATION_screens_Main_screens_home_screen"}},{"name":"HomeScreenState","qualifiedName":"home_screen.HomeScreenState.HomeScreenState","href":"Features_Bug_tracker_PRESENTATION_Screens_Main_screens_home_screen/HomeScreenState/HomeScreenState.html","kind":2,"packageRank":0,"desc":"","enclosedBy":{"name":"HomeScreenState","kind":3,"href":"Features_Bug_tracker_PRESENTATION_Screens_Main_screens_home_screen/HomeScreenState-class.html"}},{"name":"HomeScreenState","qualifiedName":"home_screen.HomeScreenState.HomeScreenState","href":"Features_Bug_tracker_PRESENTATION_screens_Main_screens_home_screen/HomeScreenState/HomeScreenState.html","kind":2,"packageRank":0,"desc":"","enclosedBy":{"name":"HomeScreenState","kind":3,"href":"Features_Bug_tracker_PRESENTATION_screens_Main_screens_home_screen/HomeScreenState-class.html"}},{"name":"build","qualifiedName":"home_screen.HomeScreenState.build","href":"Features_Bug_tracker_PRESENTATION_screens_Main_screens_home_screen/HomeScreenState/build.html","kind":10,"overriddenDepth":1,"packageRank":0,"desc":"Describes the part of the user interface represented by this widget.","enclosedBy":{"name":"HomeScreenState","kind":3,"href":"Features_Bug_tracker_PRESENTATION_screens_Main_screens_home_screen/HomeScreenState-class.html"}},{"name":"build","qualifiedName":"home_screen.HomeScreenState.build","href":"Features_Bug_tracker_PRESENTATION_Screens_Main_screens_home_screen/HomeScreenState/build.html","kind":10,"overriddenDepth":1,"packageRank":0,"desc":"Describes the part of the user interface represented by this widget.","enclosedBy":{"name":"HomeScreenState","kind":3,"href":"Features_Bug_tracker_PRESENTATION_Screens_Main_screens_home_screen/HomeScreenState-class.html"}},{"name":"initState","qualifiedName":"home_screen.HomeScreenState.initState","href":"Features_Bug_tracker_PRESENTATION_Screens_Main_screens_home_screen/HomeScreenState/initState.html","kind":10,"overriddenDepth":1,"packageRank":0,"desc":"Called when this object is inserted into the tree.","enclosedBy":{"name":"HomeScreenState","kind":3,"href":"Features_Bug_tracker_PRESENTATION_Screens_Main_screens_home_screen/HomeScreenState-class.html"}},{"name":"initState","qualifiedName":"home_screen.HomeScreenState.initState","href":"Features_Bug_tracker_PRESENTATION_screens_Main_screens_home_screen/HomeScreenState/initState.html","kind":10,"overriddenDepth":1,"packageRank":0,"desc":"Called when this object is inserted into the tree.","enclosedBy":{"name":"HomeScreenState","kind":3,"href":"Features_Bug_tracker_PRESENTATION_screens_Main_screens_home_screen/HomeScreenState-class.html"}},{"name":"selectedImage","qualifiedName":"home_screen.HomeScreenState.selectedImage","href":"Features_Bug_tracker_PRESENTATION_screens_Main_screens_home_screen/HomeScreenState/selectedImage.html","kind":16,"overriddenDepth":0,"packageRank":0,"desc":"","enclosedBy":{"name":"HomeScreenState","kind":3,"href":"Features_Bug_tracker_PRESENTATION_screens_Main_screens_home_screen/HomeScreenState-class.html"}},{"name":"selectedImage","qualifiedName":"home_screen.HomeScreenState.selectedImage","href":"Features_Bug_tracker_PRESENTATION_Screens_Main_screens_home_screen/HomeScreenState/selectedImage.html","kind":16,"overriddenDepth":0,"packageRank":0,"desc":"","enclosedBy":{"name":"HomeScreenState","kind":3,"href":"Features_Bug_tracker_PRESENTATION_Screens_Main_screens_home_screen/HomeScreenState-class.html"}},{"name":"url","qualifiedName":"home_screen.HomeScreenState.url","href":"Features_Bug_tracker_PRESENTATION_Screens_Main_screens_home_screen/HomeScreenState/url.html","kind":16,"overriddenDepth":0,"packageRank":0,"desc":"","enclosedBy":{"name":"HomeScreenState","kind":3,"href":"Features_Bug_tracker_PRESENTATION_Screens_Main_screens_home_screen/HomeScreenState-class.html"}},{"name":"url","qualifiedName":"home_screen.HomeScreenState.url","href":"Features_Bug_tracker_PRESENTATION_screens_Main_screens_home_screen/HomeScreenState/url.html","kind":16,"overriddenDepth":0,"packageRank":0,"desc":"","enclosedBy":{"name":"HomeScreenState","kind":3,"href":"Features_Bug_tracker_PRESENTATION_screens_Main_screens_home_screen/HomeScreenState-class.html"}},{"name":"login_authentcation","qualifiedName":"login_authentcation","href":"Features_Authentication_DATA_Repositories_login_authentcation","kind":9,"packageRank":0,"desc":""},{"name":"LoginAuthentcation","qualifiedName":"login_authentcation.LoginAuthentcation","href":"Features_Authentication_DATA_Repositories_login_authentcation/LoginAuthentcation-class.html","kind":3,"packageRank":0,"desc":"","enclosedBy":{"name":"login_authentcation","kind":9,"href":"Features_Authentication_DATA_Repositories_login_authentcation"}},{"name":"LoginAuthentcation","qualifiedName":"login_authentcation.LoginAuthentcation.LoginAuthentcation","href":"Features_Authentication_DATA_Repositories_login_authentcation/LoginAuthentcation/LoginAuthentcation.html","kind":2,"packageRank":0,"desc":"","enclosedBy":{"name":"LoginAuthentcation","kind":3,"href":"Features_Authentication_DATA_Repositories_login_authentcation/LoginAuthentcation-class.html"}},{"name":"login","qualifiedName":"login_authentcation.LoginAuthentcation.login","href":"Features_Authentication_DATA_Repositories_login_authentcation/LoginAuthentcation/login.html","kind":10,"overriddenDepth":0,"packageRank":0,"desc":"////// On Login /////////////////////////////////////\nLogs in an existing user with email and password using Firebase Authentication.","enclosedBy":{"name":"LoginAuthentcation","kind":3,"href":"Features_Authentication_DATA_Repositories_login_authentcation/LoginAuthentcation-class.html"}},{"name":"register","qualifiedName":"login_authentcation.LoginAuthentcation.register","href":"Features_Authentication_DATA_Repositories_login_authentcation/LoginAuthentcation/register.html","kind":10,"overriddenDepth":0,"packageRank":0,"desc":"Registers a new user with email/ and password/ using Firebase Authentication.","enclosedBy":{"name":"LoginAuthentcation","kind":3,"href":"Features_Authentication_DATA_Repositories_login_authentcation/LoginAuthentcation-class.html"}},{"name":"login_screen","qualifiedName":"login_screen","href":"Features_Authentication_PRESENTATION_Screen_auth_login_screen","kind":9,"packageRank":0,"desc":""},{"name":"LogInScreen","qualifiedName":"login_screen.LogInScreen","href":"Features_Authentication_PRESENTATION_Screen_auth_login_screen/LogInScreen-class.html","kind":3,"packageRank":0,"desc":"","enclosedBy":{"name":"login_screen","kind":9,"href":"Features_Authentication_PRESENTATION_Screen_auth_login_screen"}},{"name":"LogInScreen","qualifiedName":"login_screen.LogInScreen.LogInScreen","href":"Features_Authentication_PRESENTATION_Screen_auth_login_screen/LogInScreen/LogInScreen.html","kind":2,"packageRank":0,"desc":"","enclosedBy":{"name":"LogInScreen","kind":3,"href":"Features_Authentication_PRESENTATION_Screen_auth_login_screen/LogInScreen-class.html"}},{"name":"build","qualifiedName":"login_screen.LogInScreen.build","href":"Features_Authentication_PRESENTATION_Screen_auth_login_screen/LogInScreen/build.html","kind":10,"overriddenDepth":1,"packageRank":0,"desc":"Describes the part of the user interface represented by this widget.","enclosedBy":{"name":"LogInScreen","kind":3,"href":"Features_Authentication_PRESENTATION_Screen_auth_login_screen/LogInScreen-class.html"}},{"name":"main","qualifiedName":"main","href":"main","kind":9,"packageRank":0,"desc":""},{"name":"MyApp","qualifiedName":"main.MyApp","href":"main/MyApp-class.html","kind":3,"packageRank":0,"desc":"","enclosedBy":{"name":"main","kind":9,"href":"main"}},{"name":"MyApp","qualifiedName":"main.MyApp.MyApp","href":"main/MyApp/MyApp.html","kind":2,"packageRank":0,"desc":"","enclosedBy":{"name":"MyApp","kind":3,"href":"main/MyApp-class.html"}},{"name":"build","qualifiedName":"main.MyApp.build","href":"main/MyApp/build.html","kind":10,"overriddenDepth":1,"packageRank":0,"desc":"Describes the part of the user interface represented by this widget.","enclosedBy":{"name":"MyApp","kind":3,"href":"main/MyApp-class.html"}},{"name":"flutterLocalNotificationsPlugin","qualifiedName":"main.flutterLocalNotificationsPlugin","href":"main/flutterLocalNotificationsPlugin.html","kind":20,"packageRank":0,"desc":"","enclosedBy":{"name":"main","kind":9,"href":"main"}},{"name":"main","qualifiedName":"main.main","href":"main/main.html","kind":8,"packageRank":0,"desc":"","enclosedBy":{"name":"main","kind":9,"href":"main"}},{"name":"notification_service","qualifiedName":"notification_service","href":"Features_Bug_tracker_DOMAIN_services_notification_notification_service","kind":9,"packageRank":0,"desc":""},{"name":"NotificationService","qualifiedName":"notification_service.NotificationService","href":"Features_Bug_tracker_DOMAIN_services_notification_notification_service/NotificationService-class.html","kind":3,"packageRank":0,"desc":"","enclosedBy":{"name":"notification_service","kind":9,"href":"Features_Bug_tracker_DOMAIN_services_notification_notification_service"}},{"name":"NotificationService","qualifiedName":"notification_service.NotificationService.NotificationService","href":"Features_Bug_tracker_DOMAIN_services_notification_notification_service/NotificationService/NotificationService.html","kind":2,"packageRank":0,"desc":"","enclosedBy":{"name":"NotificationService","kind":3,"href":"Features_Bug_tracker_DOMAIN_services_notification_notification_service/NotificationService-class.html"}},{"name":"showNotification","qualifiedName":"notification_service.NotificationService.showNotification","href":"Features_Bug_tracker_DOMAIN_services_notification_notification_service/NotificationService/showNotification.html","kind":10,"overriddenDepth":0,"packageRank":0,"desc":"","enclosedBy":{"name":"NotificationService","kind":3,"href":"Features_Bug_tracker_DOMAIN_services_notification_notification_service/NotificationService-class.html"}},{"name":"registerScreen","qualifiedName":"registerScreen","href":"Features_Authentication_PRESENTATION_Screen_auth_registerScreen","kind":9,"packageRank":0,"desc":""},{"name":"RegisterScreen","qualifiedName":"registerScreen.RegisterScreen","href":"Features_Authentication_PRESENTATION_Screen_auth_registerScreen/RegisterScreen-class.html","kind":3,"packageRank":0,"desc":"","enclosedBy":{"name":"registerScreen","kind":9,"href":"Features_Authentication_PRESENTATION_Screen_auth_registerScreen"}},{"name":"RegisterScreen","qualifiedName":"registerScreen.RegisterScreen.RegisterScreen","href":"Features_Authentication_PRESENTATION_Screen_auth_registerScreen/RegisterScreen/RegisterScreen.html","kind":2,"packageRank":0,"desc":"","enclosedBy":{"name":"RegisterScreen","kind":3,"href":"Features_Authentication_PRESENTATION_Screen_auth_registerScreen/RegisterScreen-class.html"}},{"name":"build","qualifiedName":"registerScreen.RegisterScreen.build","href":"Features_Authentication_PRESENTATION_Screen_auth_registerScreen/RegisterScreen/build.html","kind":10,"overriddenDepth":1,"packageRank":0,"desc":"Describes the part of the user interface represented by this widget.","enclosedBy":{"name":"RegisterScreen","kind":3,"href":"Features_Authentication_PRESENTATION_Screen_auth_registerScreen/RegisterScreen-class.html"}},{"name":"severity_screen","qualifiedName":"severity_screen","href":"Features_Bug_tracker_PRESENTATION_Screens_Main_screens_filtering_severity_screen","kind":9,"packageRank":0,"desc":""},{"name":"SeverityCard","qualifiedName":"severity_screen.SeverityCard","href":"Features_Bug_tracker_PRESENTATION_Screens_Main_screens_filtering_severity_screen/SeverityCard-class.html","kind":3,"packageRank":0,"desc":"","enclosedBy":{"name":"severity_screen","kind":9,"href":"Features_Bug_tracker_PRESENTATION_Screens_Main_screens_filtering_severity_screen"}},{"name":"SeverityCard","qualifiedName":"severity_screen.SeverityCard.SeverityCard","href":"Features_Bug_tracker_PRESENTATION_Screens_Main_screens_filtering_severity_screen/SeverityCard/SeverityCard.html","kind":2,"packageRank":0,"desc":"","enclosedBy":{"name":"SeverityCard","kind":3,"href":"Features_Bug_tracker_PRESENTATION_Screens_Main_screens_filtering_severity_screen/SeverityCard-class.html"}},{"name":"bug","qualifiedName":"severity_screen.SeverityCard.bug","href":"Features_Bug_tracker_PRESENTATION_Screens_Main_screens_filtering_severity_screen/SeverityCard/bug.html","kind":16,"overriddenDepth":0,"packageRank":0,"desc":"","enclosedBy":{"name":"SeverityCard","kind":3,"href":"Features_Bug_tracker_PRESENTATION_Screens_Main_screens_filtering_severity_screen/SeverityCard-class.html"}},{"name":"build","qualifiedName":"severity_screen.SeverityCard.build","href":"Features_Bug_tracker_PRESENTATION_Screens_Main_screens_filtering_severity_screen/SeverityCard/build.html","kind":10,"overriddenDepth":1,"packageRank":0,"desc":"Describes the part of the user interface represented by this widget.","enclosedBy":{"name":"SeverityCard","kind":3,"href":"Features_Bug_tracker_PRESENTATION_Screens_Main_screens_filtering_severity_screen/SeverityCard-class.html"}},{"name":"customcolor","qualifiedName":"severity_screen.SeverityCard.customcolor","href":"Features_Bug_tracker_PRESENTATION_Screens_Main_screens_filtering_severity_screen/SeverityCard/customcolor.html","kind":16,"overriddenDepth":0,"packageRank":0,"desc":"","enclosedBy":{"name":"SeverityCard","kind":3,"href":"Features_Bug_tracker_PRESENTATION_Screens_Main_screens_filtering_severity_screen/SeverityCard-class.html"}},{"name":"SeverityScreen","qualifiedName":"severity_screen.SeverityScreen","href":"Features_Bug_tracker_PRESENTATION_Screens_Main_screens_filtering_severity_screen/SeverityScreen-class.html","kind":3,"packageRank":0,"desc":"","enclosedBy":{"name":"severity_screen","kind":9,"href":"Features_Bug_tracker_PRESENTATION_Screens_Main_screens_filtering_severity_screen"}},{"name":"SeverityScreen","qualifiedName":"severity_screen.SeverityScreen.SeverityScreen","href":"Features_Bug_tracker_PRESENTATION_Screens_Main_screens_filtering_severity_screen/SeverityScreen/SeverityScreen.html","kind":2,"packageRank":0,"desc":"","enclosedBy":{"name":"SeverityScreen","kind":3,"href":"Features_Bug_tracker_PRESENTATION_Screens_Main_screens_filtering_severity_screen/SeverityScreen-class.html"}},{"name":"bugs","qualifiedName":"severity_screen.SeverityScreen.bugs","href":"Features_Bug_tracker_PRESENTATION_Screens_Main_screens_filtering_severity_screen/SeverityScreen/bugs.html","kind":16,"overriddenDepth":0,"packageRank":0,"desc":"","enclosedBy":{"name":"SeverityScreen","kind":3,"href":"Features_Bug_tracker_PRESENTATION_Screens_Main_screens_filtering_severity_screen/SeverityScreen-class.html"}},{"name":"build","qualifiedName":"severity_screen.SeverityScreen.build","href":"Features_Bug_tracker_PRESENTATION_Screens_Main_screens_filtering_severity_screen/SeverityScreen/build.html","kind":10,"overriddenDepth":1,"packageRank":0,"desc":"Describes the part of the user interface represented by this widget.","enclosedBy":{"name":"SeverityScreen","kind":3,"href":"Features_Bug_tracker_PRESENTATION_Screens_Main_screens_filtering_severity_screen/SeverityScreen-class.html"}},{"name":"customcolor","qualifiedName":"severity_screen.SeverityScreen.customcolor","href":"Features_Bug_tracker_PRESENTATION_Screens_Main_screens_filtering_severity_screen/SeverityScreen/customcolor.html","kind":16,"overriddenDepth":0,"packageRank":0,"desc":"","enclosedBy":{"name":"SeverityScreen","kind":3,"href":"Features_Bug_tracker_PRESENTATION_Screens_Main_screens_filtering_severity_screen/SeverityScreen-class.html"}},{"name":"heading","qualifiedName":"severity_screen.SeverityScreen.heading","href":"Features_Bug_tracker_PRESENTATION_Screens_Main_screens_filtering_severity_screen/SeverityScreen/heading.html","kind":16,"overriddenDepth":0,"packageRank":0,"desc":"","enclosedBy":{"name":"SeverityScreen","kind":3,"href":"Features_Bug_tracker_PRESENTATION_Screens_Main_screens_filtering_severity_screen/SeverityScreen-class.html"}},{"name":"sevirty","qualifiedName":"sevirty","href":"Features_Bug_tracker_PRESENTATION_widgets_sevirty","kind":9,"packageRank":0,"desc":""},{"name":"Sevirity","qualifiedName":"sevirty.Sevirity","href":"Features_Bug_tracker_PRESENTATION_widgets_sevirty/Sevirity-class.html","kind":3,"packageRank":0,"desc":"","enclosedBy":{"name":"sevirty","kind":9,"href":"Features_Bug_tracker_PRESENTATION_widgets_sevirty"}},{"name":"Sevirity","qualifiedName":"sevirty.Sevirity.Sevirity","href":"Features_Bug_tracker_PRESENTATION_widgets_sevirty/Sevirity/Sevirity.html","kind":2,"packageRank":0,"desc":"","enclosedBy":{"name":"Sevirity","kind":3,"href":"Features_Bug_tracker_PRESENTATION_widgets_sevirty/Sevirity-class.html"}},{"name":"borderclr","qualifiedName":"sevirty.Sevirity.borderclr","href":"Features_Bug_tracker_PRESENTATION_widgets_sevirty/Sevirity/borderclr.html","kind":16,"overriddenDepth":0,"packageRank":0,"desc":"","enclosedBy":{"name":"Sevirity","kind":3,"href":"Features_Bug_tracker_PRESENTATION_widgets_sevirty/Sevirity-class.html"}},{"name":"build","qualifiedName":"sevirty.Sevirity.build","href":"Features_Bug_tracker_PRESENTATION_widgets_sevirty/Sevirity/build.html","kind":10,"overriddenDepth":1,"packageRank":0,"desc":"Describes the part of the user interface represented by this widget.","enclosedBy":{"name":"Sevirity","kind":3,"href":"Features_Bug_tracker_PRESENTATION_widgets_sevirty/Sevirity-class.html"}},{"name":"customcolor","qualifiedName":"sevirty.Sevirity.customcolor","href":"Features_Bug_tracker_PRESENTATION_widgets_sevirty/Sevirity/customcolor.html","kind":16,"overriddenDepth":0,"packageRank":0,"desc":"","enclosedBy":{"name":"Sevirity","kind":3,"href":"Features_Bug_tracker_PRESENTATION_widgets_sevirty/Sevirity-class.html"}},{"name":"ontaP","qualifiedName":"sevirty.Sevirity.ontaP","href":"Features_Bug_tracker_PRESENTATION_widgets_sevirty/Sevirity/ontaP.html","kind":16,"overriddenDepth":0,"packageRank":0,"desc":"","enclosedBy":{"name":"Sevirity","kind":3,"href":"Features_Bug_tracker_PRESENTATION_widgets_sevirty/Sevirity-class.html"}},{"name":"tittle","qualifiedName":"sevirty.Sevirity.tittle","href":"Features_Bug_tracker_PRESENTATION_widgets_sevirty/Sevirity/tittle.html","kind":16,"overriddenDepth":0,"packageRank":0,"desc":"","enclosedBy":{"name":"Sevirity","kind":3,"href":"Features_Bug_tracker_PRESENTATION_widgets_sevirty/Sevirity-class.html"}},{"name":"splash_screen","qualifiedName":"splash_screen","href":"Features_Bug_tracker_PRESENTATION_Screens_Main_screens_splash_screen","kind":9,"packageRank":0,"desc":""},{"name":"SplashScreen","qualifiedName":"splash_screen.SplashScreen","href":"Features_Bug_tracker_PRESENTATION_Screens_Main_screens_splash_screen/SplashScreen-class.html","kind":3,"packageRank":0,"desc":"","enclosedBy":{"name":"splash_screen","kind":9,"href":"Features_Bug_tracker_PRESENTATION_Screens_Main_screens_splash_screen"}},{"name":"SplashScreen","qualifiedName":"splash_screen.SplashScreen.SplashScreen","href":"Features_Bug_tracker_PRESENTATION_Screens_Main_screens_splash_screen/SplashScreen/SplashScreen.html","kind":2,"packageRank":0,"desc":"","enclosedBy":{"name":"SplashScreen","kind":3,"href":"Features_Bug_tracker_PRESENTATION_Screens_Main_screens_splash_screen/SplashScreen-class.html"}},{"name":"createState","qualifiedName":"splash_screen.SplashScreen.createState","href":"Features_Bug_tracker_PRESENTATION_Screens_Main_screens_splash_screen/SplashScreen/createState.html","kind":10,"overriddenDepth":1,"packageRank":0,"desc":"Creates the mutable state for this widget at a given location in the tree.","enclosedBy":{"name":"SplashScreen","kind":3,"href":"Features_Bug_tracker_PRESENTATION_Screens_Main_screens_splash_screen/SplashScreen-class.html"}},{"name":"status_screen","qualifiedName":"status_screen","href":"Features_Bug_tracker_PRESENTATION_Screens_Main_screens_status_screen","kind":9,"packageRank":0,"desc":""},{"name":"StatusScreen","qualifiedName":"status_screen.StatusScreen","href":"Features_Bug_tracker_PRESENTATION_Screens_Main_screens_status_screen/StatusScreen-class.html","kind":3,"packageRank":0,"desc":"","enclosedBy":{"name":"status_screen","kind":9,"href":"Features_Bug_tracker_PRESENTATION_Screens_Main_screens_status_screen"}},{"name":"StatusScreen","qualifiedName":"status_screen.StatusScreen.StatusScreen","href":"Features_Bug_tracker_PRESENTATION_Screens_Main_screens_status_screen/StatusScreen/StatusScreen.html","kind":2,"packageRank":0,"desc":"","enclosedBy":{"name":"StatusScreen","kind":3,"href":"Features_Bug_tracker_PRESENTATION_Screens_Main_screens_status_screen/StatusScreen-class.html"}},{"name":"build","qualifiedName":"status_screen.StatusScreen.build","href":"Features_Bug_tracker_PRESENTATION_Screens_Main_screens_status_screen/StatusScreen/build.html","kind":10,"overriddenDepth":1,"packageRank":0,"desc":"Describes the part of the user interface represented by this widget.","enclosedBy":{"name":"StatusScreen","kind":3,"href":"Features_Bug_tracker_PRESENTATION_Screens_Main_screens_status_screen/StatusScreen-class.html"}},{"name":"unfixed","qualifiedName":"unfixed","href":"Features_Bug_tracker_PRESENTATION_Screens_Main_screens_filtering_unfixed","kind":9,"packageRank":0,"desc":""},{"name":"FixedBugListScreen","qualifiedName":"unfixed.FixedBugListScreen","href":"Features_Bug_tracker_PRESENTATION_Screens_Main_screens_filtering_unfixed/FixedBugListScreen-class.html","kind":3,"packageRank":0,"desc":"","enclosedBy":{"name":"unfixed","kind":9,"href":"Features_Bug_tracker_PRESENTATION_Screens_Main_screens_filtering_unfixed"}},{"name":"FixedBugListScreen","qualifiedName":"unfixed.FixedBugListScreen.FixedBugListScreen","href":"Features_Bug_tracker_PRESENTATION_Screens_Main_screens_filtering_unfixed/FixedBugListScreen/FixedBugListScreen.html","kind":2,"packageRank":0,"desc":"","enclosedBy":{"name":"FixedBugListScreen","kind":3,"href":"Features_Bug_tracker_PRESENTATION_Screens_Main_screens_filtering_unfixed/FixedBugListScreen-class.html"}},{"name":"bugsFixed","qualifiedName":"unfixed.FixedBugListScreen.bugsFixed","href":"Features_Bug_tracker_PRESENTATION_Screens_Main_screens_filtering_unfixed/FixedBugListScreen/bugsFixed.html","kind":16,"overriddenDepth":0,"packageRank":0,"desc":"List of bugs to be displayed.","enclosedBy":{"name":"FixedBugListScreen","kind":3,"href":"Features_Bug_tracker_PRESENTATION_Screens_Main_screens_filtering_unfixed/FixedBugListScreen-class.html"}},{"name":"build","qualifiedName":"unfixed.FixedBugListScreen.build","href":"Features_Bug_tracker_PRESENTATION_Screens_Main_screens_filtering_unfixed/FixedBugListScreen/build.html","kind":10,"overriddenDepth":1,"packageRank":0,"desc":"Describes the part of the user interface represented by this widget.","enclosedBy":{"name":"FixedBugListScreen","kind":3,"href":"Features_Bug_tracker_PRESENTATION_Screens_Main_screens_filtering_unfixed/FixedBugListScreen-class.html"}},{"name":"heading","qualifiedName":"unfixed.FixedBugListScreen.heading","href":"Features_Bug_tracker_PRESENTATION_Screens_Main_screens_filtering_unfixed/FixedBugListScreen/heading.html","kind":16,"overriddenDepth":0,"packageRank":0,"desc":"Heading shown in the AppBar Which type of &gt; Low severity,Medium severity,High severity.","enclosedBy":{"name":"FixedBugListScreen","kind":3,"href":"Features_Bug_tracker_PRESENTATION_Screens_Main_screens_filtering_unfixed/FixedBugListScreen-class.html"}},{"name":"isFixed","qualifiedName":"unfixed.FixedBugListScreen.isFixed","href":"Features_Bug_tracker_PRESENTATION_Screens_Main_screens_filtering_unfixed/FixedBugListScreen/isFixed.html","kind":16,"overriddenDepth":0,"packageRank":0,"desc":"Whether the bugs are fixed (true) or unfixed (false).","enclosedBy":{"name":"FixedBugListScreen","kind":3,"href":"Features_Bug_tracker_PRESENTATION_Screens_Main_screens_filtering_unfixed/FixedBugListScreen-class.html"}}]
